Type,SubType,Somatic Mutation Type,SBS1,SBS2,SBS3,SBS4,SBS5,SBS6,SBS7a,SBS7b,SBS7c,SBS7d,SBS8,SBS9,SBS10a,SBS10b,SBS11,SBS12,SBS13,SBS14,SBS15,SBS16,SBS17a,SBS17b,SBS18,SBS19,SBS20,SBS21,SBS22,SBS23,SBS24,SBS25,SBS26,SBS27,SBS28,SBS29,SBS30,SBS31,SBS32,SBS33,SBS34,SBS35,SBS36,SBS37,SBS38,SBS39,SBS40,SBS41,SBS42,SBS43,SBS44,SBS45,SBS46,SBS47,SBS48,SBS49,SBS50,SBS51,SBS52,SBS53,SBS54,SBS55,SBS56,SBS57,SBS58,SBS59,SBS60
C>A,ACA,A[C>A]A,0.000886,0.00000058,0.0208,0.0422,0.012,0.000425,0.000067,0.00233,0.00483,0.0000404,0.0441,0.000558,0.00219,0.000182,0.000146,0.00452,0.00182,0.00112,0.000944,0.016,0.00207,0.000608,0.0515,0.00127,0.000619,0.000157,0.00601,0.000835,0.0364,0.0099,0.000873,0.00521,0.000784,0.0632,0.0018,0.00954,0.0223,0.00311,0.00487,0.00883,0.0252,0.00395,0.0128,0.0117,0.0282,0.00211,0.00116,0.0295,7.68E-18,0.00911,0.0044,0.0678,0.000855,0.0251,0.119,0.141,0.0152,0.00538,0.00216,0.00588,0.0126,0.0123,0.0589,0.00359,0.00615
C>A,ACC,A[C>A]C,0.00228,0.000148,0.0165,0.0333,0.00944,0.000524,0.000179,0.000461,0.00115,0.000765,0.0478,0.00409,0.00177,0.00654,0.000552,0.00113,0.000721,0.0131,0.000497,0.0029,0.000918,0.000129,0.0158,0.000641,0.00139,0.00236,0.0000954,0.000399,0.0265,0.007,0.000528,0.00474,0.00253,0.0512,0.000506,0.0185,0.0188,0.00223,0.00696,0.0462,0.00832,0.00145,0.0101,0.00715,0.0134,0.00122,0.0206,0.0059,0.00015,0.00285,0.0047,0.0297,0.000841,0.00703,0.127,0.00169,0.00654,0.00196,0.000796,0.00205,0.0157,0.00143,0.00675,0.00237,0.000779
C>A,ACG,A[C>A]G,0.000177,0.0000523,0.00175,0.0156,0.00185,0.000052,0.0000712,0.000186,0.000377,0.00025,0.00462,0.000426,0.00015,0.0000535,0.0000941,0.00054,0.000264,0.000413,0.0000461,0.00102,0.0000476,0.0000582,0.00243,0.000246,0.0000218,0.000294,0.000765,9.85E-08,0.0148,0.00145,0.000114,0.000783,0.000353,0.0192,0.0000913,0.00166,0.00446,0.000414,0.000052,0.00139,0.00224,0.00106,0.0019,0.00267,0.00292,0.0000614,0.0000334,0.000626,0.000000916,0.00166,0.0003,0.00138,0.000258,0.00711,0.00577,0.0048,0.00414,0.0381,0.00164,0.0000449,0.000206,0.00333,0.000825,0.000142,2.23E-16
C>A,ACT,A[C>A]T,0.00128,0.0000978,0.0122,0.0295,0.00661,0.00018,0.000248,0.00071,0.00196,0.00405,0.047,0.00305,0.017,0.0000163,0.000266,0.00122,0.000348,0.0826,0.00111,0.0106,0.0000618,0.000456,0.0214,0.000571,0.00124,0.000621,0.00172,5.61E-18,0.022,0.00497,0.000619,0.00272,0.00397,0.0356,0.000556,0.00628,0.0146,0.0019,0.00123,0.0216,0.0179,0.00185,0.00885,0.0074,0.0148,0.00133,0.00797,0.00207,0.00578,0.00964,0.0034,0.0119,0.0000389,0.00797,0.0832,0.0212,0.00924,0.0000171,0.000414,0.00117,0.023,0.00864,0.00558,0.0145,0.000444
C>A,CCA,C[C>A]A,0.000312,0.000208,0.0225,0.0807,0.00743,0.00182,0.000455,0.00114,0.000109,0.0145,0.0401,0.0048,0.00318,0.000521,0.000618,0.00542,0.0014,0.0163,0.0418,0.0104,0.000295,0.000271,0.074,0.00132,0.0376,2.22E-16,0.00183,0.000151,0.0254,0.0148,0.00141,0.00507,0.00203,0.0542,0.000768,0.0107,0.00124,0.0027,0.00195,0.0299,0.0558,0.00322,0.381,0.0101,0.0208,0.00238,0.0116,0.00663,0.0000284,0.238,0.0156,0.0246,0.00118,0.229,0.0225,0.00698,0.0574,0.334,0.0000632,0.00625,0.00248,0.0087,0.00618,0.00223,0.00118
C>A,CCC,C[C>A]C,0.00179,0.0000953,0.0253,0.0797,0.00614,0.00409,0.00024,0.00155,0.00309,0.00322,0.0388,0.00192,0.000202,0.00318,0.000986,0.00428,0.000968,0.0197,0.00505,0.00903,0.00116,0.0000411,0.0196,0.000767,0.0989,0.0026,0.00443,0.00063,0.0349,0.00782,0.00151,0.00223,0.000109,0.0369,0.000388,0.0116,0.00492,0.00191,0.0000367,0.033,0.0202,0.000814,0.0695,0.00906,0.0147,0.000919,0.0328,0.000082,0.0303,0.151,0.0072,0.00527,0.0000357,0.0286,0.00289,0.00317,0.019,0.00355,0.00257,0.00375,0.00668,0.00394,0.00183,0.00593,0.000253
C>A,CCG,C[C>A]G,0.0000932,2.23E-16,0.00251,0.0245,0.00346,0.00165,2.23E-16,0.000408,0.00191,0.0000851,0.00341,0.00137,0.0000464,0.0000838,0.0000092,0.00117,0.00000433,0.00138,0.0000662,0.00174,2.22E-16,2.23E-16,0.012,0.000236,0.00743,0.00198,0.000136,0.00013,0.016,0.00128,0.000362,0.000266,2.22E-16,0.0148,0.000407,0.000329,0.0000166,0.000371,0.000298,0.0022,0.0071,0.000747,0.051,0.00574,0.00254,0.000261,0.00188,0.0000256,0.00374,0.0679,0.0045,0.000271,0.137,0.515,5.18E-18,0.0043,0.0136,0.0677,0.00593,0.000641,6.72E-18,0.00107,0.00146,0.000815,0.000379
C>A,CCT,C[C>A]T,2.23E-16,0.000421,0.0154,0.069,0.00649,0.0096,0.000372,0.00149,0.0135,0.000117,0.033,0.00306,0.0173,0.00833,0.00015,0.0011,2.22E-16,0.26,0.0287,0.00249,0.000137,0.000182,0.0363,0.0000344,0.252,0.0191,0.00011,0.00058,0.0171,0.0126,0.00714,0.0031,0.000203,0.0519,0.000297,0.0279,0.00267,0.00253,0.00062,0.0825,0.0605,0.00177,0.184,0.00603,0.0147,0.00265,0.0211,5.22E-18,0.0867,0.194,0.0083,0.000682,0.000845,0.049,0.00115,0.00507,0.0188,0.00492,0.00553,0.0000284,0.0713,0.00821,0.00196,0.00202,0.0000541
C>A,GCA,G[C>A]A,0.00158,0.0000862,0.00713,0.0316,0.0102,0.000427,0.0000406,0.000746,0.00105,0.000168,0.0242,0.00772,0.00121,0.000731,0.000165,0.00198,0.000949,0.00208,0.00229,0.00861,0.00178,0.000998,0.109,0.000814,0.0108,0.00214,0.00223,0.000337,0.0622,0.0135,0.000496,0.0108,0.000156,0.0971,0.000943,0.0131,0.00451,0.00441,0.00281,0.00987,0.0677,0.00204,0.012,0.00688,0.0142,0.00309,0.00771,0.0093,7.68E-18,0.00755,0.0072,0.0111,0.000752,0.00788,0.0142,0.00394,0.00824,0.000432,0.00519,0.000855,0.000217,0.00189,0.00274,0.103,0.000517
C>A,GCC,G[C>A]C,0.000339,2.23E-16,0.0109,0.0348,0.00765,0.000913,0.000138,0.000215,0.000742,2.22E-16,0.0262,0.00668,0.000441,0.00255,0.000405,0.000417,0.000451,0.0224,0.00249,0.00425,0.00128,0.00000278,0.0173,0.000272,0.00565,0.00707,0.00173,0.000541,0.128,0.00647,0.000666,0.0124,0.00102,0.0903,0.000494,0.0215,0.00362,0.000968,0.000468,0.0502,0.0192,0.000629,0.00628,0.00695,0.0102,0.000723,0.0268,0.00169,0.00467,0.00573,0.003,0.00348,0.000346,0.00248,0.00758,0.00328,0.00732,0.00344,0.00913,0.000192,0.00734,0.000752,0.00108,0.129,0.000866
C>A,GCG,G[C>A]G,0.000587,0.0000139,0.00143,0.0153,0.00234,0.000357,0.0000425,0.0000729,2.22E-16,0.0000182,0.00274,0.000171,0.0000105,0.0000852,0.0000139,0.000447,0.000164,0.00111,0.000404,0.00136,0.000106,0.0000924,0.00756,0.000205,0.00157,0.00169,0.000515,0.000119,0.0659,0.000658,0.000129,0.00163,0.0000395,0.023,2.22E-16,0.000972,0.000877,0.000342,0.000227,0.000507,0.00483,0.000506,0.00137,0.00453,0.00255,0.00022,0.00106,0.000177,0.000605,0.00209,0.0004,0.000783,0.000739,0.00683,0.000244,0.00428,0.00404,0.0508,0.00564,0.0000772,0.00000979,6.57E-18,0.00273,0.0121,0.00039
C>A,GCT,G[C>A]T,2.23E-16,0.0000512,0.01,0.0212,0.00682,0.00123,2.23E-16,0.000147,0.000363,0.000074,0.0269,0.00856,0.0111,0.0028,2.22E-16,0.0000275,0.0000615,0.126,0.0182,0.0058,0.000047,0.000534,0.0623,0.000273,0.00249,0.0089,0.000551,0.0000309,0.0544,0.0105,0.000817,0.00741,0.000158,0.0846,0.000862,0.00351,0.00327,0.00319,0.0000135,0.0229,0.069,0.00129,0.00909,0.00589,0.0108,0.00195,0.0181,0.00139,0.0113,0.00699,0.0024,0.00141,0.0000199,0.00584,0.00204,0.00345,0.00421,0.00114,0.00673,0.000738,0.0157,0.00195,0.00035,0.499,0.000133
C>A,TCA,T[C>A]A,0.0000658,0.000639,0.00841,0.0398,0.00786,0.000356,0.00039,0.0029,0.00252,0.0114,0.0298,0.017,0.094,0.000446,0.00018,0.00348,0.079,0.000347,0.0172,0.0108,0.00019,0.0000124,0.0738,0.00138,0.00171,0.00146,0.000784,0.00213,0.0298,0.00694,0.000938,0.00708,0.0143,0.0452,0.000696,0.00186,0.00973,0.0119,0.00427,0.00527,0.141,0.002,0.0177,0.00598,0.026,0.00331,0.0051,0.0063,0.000853,0.064,0.0123,0.0169,0.124,0.0329,0.019,0.0357,0.464,0.00267,0.000669,0.00174,0.219,0.0143,0.00737,0.0000237,0.00202
C>A,TCC,T[C>A]C,0.00253,0.00017,0.0168,0.0469,0.00917,0.000498,0.000636,0.00352,0.0142,0.00776,0.0251,0.00246,0.00997,0.0038,0.000938,0.00288,0.0294,0.0243,0.00581,0.00587,0.0000259,2.23E-16,0.0436,0.00113,0.00337,0.000236,0.00174,0.000664,0.0519,0.0102,0.00063,0.00627,0.000452,0.0411,0.000243,0.00938,0.00929,0.00511,0.00122,0.0231,0.0772,0.00159,0.0115,0.00786,0.021,0.00172,0.054,0.00000537,0.00222,0.0642,0.0071,0.0000811,0.00379,0.00511,0.000886,0.00286,0.0468,0.00364,0.0000405,8.28E-18,0.0132,0.000709,0.000429,0.0202,0.000163
C>A,TCG,T[C>A]G,2.23E-16,0.0000853,0.00141,0.0109,0.0023,0.0002,0.0000344,0.0003,2.22E-16,2.22E-16,0.0019,0.000445,0.00116,0.000573,2.22E-16,0.000505,0.0121,0.00000708,0.0000769,0.00149,2.22E-16,0.0000951,0.0127,0.000285,2.22E-16,0.0000683,2.22E-16,0.0000912,0.00979,0,0.000123,0.00145,0.000129,0.0174,0.0000826,0.000955,0.00238,0.00137,2.22E-16,0.0000947,0.0147,0.00112,0.00238,0.00301,0.00317,0.000207,0.000904,3.07E-18,0.000000315,0.0183,0.0025,0.0000239,0.709,0.0405,0.0000419,0.00454,0.134,0.000447,0.000828,0.0000991,0.00546,0.000223,0.00273,0.000634,0.000205
C>A,TCT,T[C>A]T,0.00000588,0.00044,0.00997,0.0413,0.0127,0.000747,0.000613,0.00141,0.00373,0.000191,0.0319,0.0273,0.67,0.0816,0.0000473,0.00235,0.0355,0.151,0.00805,0.00925,0.000288,0.00257,0.122,0.00138,0.000904,2.22E-16,0.000396,0.00024,0.0228,0.0246,0.0014,0.00981,0.000557,0.0411,0.000665,0.00449,0.00964,0.0128,0.000032,0.0153,0.208,0.00244,0.0278,0.00655,0.0241,0.0059,0.0273,6.52E-18,0.0166,0.062,0.003,0.000192,0.000187,0.00875,0.00185,0.00037,0.061,0.000871,0.0072,0.00406,0.402,0.00619,0.0147,0.00383,0.000406
C>G,ACA,A[C>G]A,0.00186,2.23E-16,0.0197,0.00689,0.0101,0.000471,0.0000649,0.00000856,0.00112,0.00118,0.00433,0.00484,2.23E-16,0.000305,0.00017,0.00122,0.00387,2.22E-16,0.000113,0.00174,0.00101,0.000146,0.00173,0.00319,0.00877,0.0000169,0.00166,5.74E-18,0.00334,0.00803,0.000427,0.00132,0.000154,0.00314,0.00107,0.00832,0.00199,0.00141,0.000762,0.00358,0.00184,0.0343,0.00269,0.0473,0.0122,0.00533,0.000406,0.000361,0.00318,0.00311,0.0012,0.00103,0.000198,0.000288,0.00385,0.00396,0.00173,0.00703,0.00155,0.00285,0.000418,0.0154,0.0206,0.00294,0.000377
C>G,ACC,A[C>G]C,0.00122,0.000133,0.0117,0.00284,0.0057,0.000289,0.0000216,0.000189,0.000319,0.00255,0.00295,0.00196,0.0000243,0.000134,0.00029,0.000642,0.000951,0.00000578,0.000269,0.00201,0.000569,0.0000434,0.00259,0.00179,0.00151,0.000719,0.000195,0.0000408,0.00367,0.00164,0.000378,0.00177,0.000224,0.00263,0.000467,0.00316,0.00203,0.0013,0.00113,0.00455,0.00167,0.0112,0.00158,0.0225,0.00868,0.00316,0.000506,0.0000313,0.000233,0.00193,0.0015,0.000617,0.000114,0.000135,0.0011,0.00454,0.00152,0.00546,0.000496,0.000168,0.000166,0.00313,0.00174,0.00244,0.000588
C>G,ACG,A[C>G]G,0.000115,0.0000152,0.000253,0.00128,0.00172,2.22E-16,0.0000508,0.000505,2.22E-16,0.000906,0.000286,0.00136,2.23E-16,2.22E-16,0.0000596,0.0000751,0.000264,0.0000391,0.0000307,0.000847,0.000152,2.23E-16,0.00192,0.000616,0.000469,2.22E-16,0.000231,2.86E-18,0.00092,0,0.0000683,0,2.22E-16,0.000896,0.000131,0.003,0.00113,0.000253,2.22E-16,0.000346,0.0005,0.00535,0.000636,0.0136,0.00225,0.00121,0.0000177,0.00443,0.0000314,0.00027,0,0.000328,0.0000803,0.000204,0.000827,0.00197,0.000818,0.00251,0.0017,0.00051,0.000428,0.00277,0.00169,0.00083,0.000276
C>G,ACT,A[C>G]T,0.00114,0.0000912,0.0174,0.00355,0.0101,0.000254,0.0000956,0.000285,0.00193,0.00291,0.00571,0.00641,2.23E-16,2.22E-16,0.000535,0.00144,0.004,0.000204,0.000325,0.0115,0.0000196,0.000319,0.00408,0.00214,0.00442,0.0000619,0.000062,5.61E-18,0.00285,0.00343,0.000728,0.00132,0.0000833,0.00249,0.000731,0.00378,0.00175,0.0013,0.00203,0.00948,0.00191,0.0188,0.00244,0.0434,0.0146,0.00827,0.000431,0.000354,0.00329,0.00143,0.0022,0.00172,0.000686,0.000176,0.00197,0.0009,0.00171,0.00304,0.00518,0.00127,0.000123,0.00507,0.00203,0.00383,0.00025
C>G,CCA,C[C>G]A,0.0000241,2.23E-16,0.0193,0.00783,0.00696,0.0000411,2.23E-16,0.000458,0.000206,0.00132,0.005,0.000893,0.0000457,0.0000299,0.000261,0.00134,0.00561,0.0000855,0.0000836,0.00355,0.000553,0.000194,0.000613,0.00177,0.0000769,0.0000197,0.00105,0.000174,0.00261,0.0072,0.000364,0.00473,0.0000144,0.00329,0.00127,0.00205,0.00115,0.0015,0.000119,0.00386,0.00124,0.000442,0.00169,0.0288,0.00756,0.00208,0.00426,0.0000209,0.0000536,0.00143,0.0005,0.000956,0.0000993,0.000216,0.0000656,0.00285,0.00118,0.00272,0.00113,0.00294,0.000204,0.000888,0.000794,0.00208,0.0000471
C>G,CCC,C[C>G]C,0.0000768,0.000351,0.0141,0.00687,0.00907,0.0000372,0.000131,0.00096,0.00226,0.000286,0.00546,0.00154,2.23E-16,2.22E-16,0.000177,0.000891,0.000648,0.0000786,0.000017,0.00454,0.000235,0.0000466,0.00226,0.00181,0.00000438,0.000273,0.000785,0.000255,0.00522,0.0046,0.000322,0.00126,0.0000755,0.00634,0.000793,0.00186,0.000824,0.00041,0.000118,0.0063,0.00137,0.000313,0.00126,0.0377,0.00935,0.0012,0.00662,0.000212,0.0000249,0.0008,0.0003,0.000237,0.000122,0.000256,0.000289,0.00012,0.000835,0.00603,0.000883,0.00286,0.000225,0.00287,0.00128,0.00173,0.000142
C>G,CCG,C[C>G]G,0.000352,0.0000487,0.0015,0.0034,0.00249,0.0000843,0.0000775,0.000791,0.000262,0.00132,0.0000105,0.000437,0.0000201,2.22E-16,0.0000112,0.000173,0.000488,0.0000191,0.0000502,0.00146,0.000232,2.23E-16,0.00358,0.0000481,0.000188,0.0000101,0.000239,1.86E-18,0.000945,0.000824,0.0000417,0.000361,2.22E-16,0.0013,0.00012,0.000854,0.000537,0.000318,0.00019,0.00087,0.000419,0.000321,0.000957,0.0123,0.00168,0.000411,0.00047,0.00254,7.68E-18,0.000643,0.0001,0.00067,0.0000363,0.000238,0.00142,0.00203,0.000568,0.00162,0.000434,0.000264,0.0000666,0.000763,0.0000511,0.00069,0.000337
C>G,CCT,C[C>G]T,2.23E-16,0.0000636,0.0223,0.00682,0.00953,0.0000144,0.0000956,0.00089,0.00424,2.22E-16,0.00549,0.00303,0.0000301,2.22E-16,0.00000964,0.00156,0.0064,0.000178,0.0000845,0.00962,0.000039,0.000193,0.00379,0.00322,0.0000101,0.000173,0.00032,0.000227,0.00471,0.000196,0.000625,0.000268,2.22E-16,0.00669,0.00102,0.00342,0.000495,0.000662,0.0000736,0.0162,0.00209,0.000581,0.00127,0.0402,0.0139,0.00503,0.00684,0.000853,0.0000864,0.00191,0.0015,0.000137,0.000245,0.000191,0.000512,0.00261,0.0012,0.000508,0.00133,0.00331,0.000769,0.00287,0.00125,0.00346,0.000146
C>G,GCA,G[C>G]A,0.00000959,0.0000654,0.0127,0.00529,0.00468,0.0000194,0.0000196,0.0000511,0.000182,0.000196,0.00258,0.00136,0.000015,0.0000172,0.0000467,0.000564,0.0015,2.22E-16,0.000994,0.00105,0.000878,0.0000599,0.000635,0.00131,0.000669,0.000388,0.0014,4.32E-18,0.00272,0.00417,0.000395,0.00142,0.000183,0.00227,0.000515,0.00183,0.000876,0.000771,0.0000334,0.00338,0.000886,0.00132,0.0012,0.024,0.00506,0.00204,0.0024,0.0136,0.000219,0.000333,0.0001,0.00168,0.0000784,0.000152,0.0267,0.00341,0.00138,0.00138,0.00219,0.000851,0.000187,0.00379,0.00212,0.00144,0.000163
C>G,GCC,G[C>G]C,0.000164,0.000261,0.00863,0.00575,0.00508,0.000685,0.0000332,0.000452,0.000473,2.22E-16,0.00239,0.00283,0.0000831,0.000136,0.000114,0.000289,0.000479,0.0000433,0.000608,0.00309,0.000835,0.0000555,0.00134,0.00129,0.00286,0.00142,0.00093,0.000127,0.00579,0.00239,0.000579,0.00135,2.22E-16,0.00164,0.000256,0.00751,0.0009,0.000776,0.000193,0.0214,0.00108,0.000938,0.00108,0.0213,0.00537,0.00269,0.00142,0.0152,0.00119,0.00101,0.0008,0.00228,0.000217,0.00011,0.033,0.00114,0.00145,0.0847,0.00022,0.00141,0.0000983,0.00257,0.00149,0.00172,0.000135
C>G,GCG,G[C>G]G,0.000166,2.23E-16,0.00242,0.0033,0.00151,2.22E-16,0.0000451,0.000337,0.00018,0.000545,0.000488,0.000521,2.23E-16,2.22E-16,0.00000324,0.0000954,0.000241,2.22E-16,0.0000101,0.0000813,0.0000237,2.23E-16,0.000639,0.000597,0.000692,0.000117,0.000211,1.83E-18,0.00314,0.000418,0.0000738,0,2.22E-16,0.00000688,0.000117,0.000457,0.0000686,0.0000466,2.22E-16,0.000591,0.000172,0.000577,0.00102,0.00986,0.00119,0.000156,0.000223,0.0128,7.68E-18,0.000695,0,0.000465,0.0000431,0.0000367,0.0028,0.000267,0.00101,0.003,0.00159,0.00572,0.00000562,0.00186,0.00171,0.000359,0.000202
C>G,GCT,G[C>G]T,2.23E-16,0.000134,0.0147,0.00304,0.00672,0.000321,0.000042,0.000277,0.00128,0.000882,0.00486,0.00857,0.0000354,0.000113,0.000186,0.000504,0.0027,0.0000803,0.000451,0.00323,0.000787,2.23E-16,0.00123,0.00032,0.00302,0.000207,0.000455,4.04E-18,0.00338,0.00199,0.000305,0.00456,2.22E-16,0.00321,0.000399,0.00336,0.000228,0.000931,0.0000269,0.00874,0.00105,0.00127,0.000917,0.0324,0.00698,0.00356,0.00277,0.018,0.00185,0.000932,0.0006,0.00222,0.0000653,0.000208,0.0143,0.00285,0.00102,0.000573,0.00494,0.0000682,0.00000175,0.000436,0.00108,0.00226,0.0000643
C>G,TCA,T[C>G]A,2.23E-16,2.23E-16,0.0133,0.00358,0.00781,0.0000497,2.23E-16,0.000254,0.00194,0.00374,0.00147,0.00269,0.0000555,2.22E-16,0.0000156,0.000969,0.317,0.0000197,0.000214,0.00251,0.00375,0.00016,0.00214,0.00175,0.000129,0.000654,0.00356,0.000211,0.00375,0.0098,0.00131,0.00287,0.000115,0.000107,0.000127,0.000396,4.71E-18,0.013,0.000000618,0.00663,0.00398,0.00179,0.00266,0.0347,0.0125,0.0199,0.000559,0.00000442,0.000673,0.0033,0.0028,0.000138,0.000137,0.000048,0.000932,0.00205,0.00198,0.00374,0.00469,0.00706,0.00113,0.00228,0.00213,0.00000235,0.000529
C>G,TCC,T[C>G]C,0.000203,0.0000987,0.0203,0.00595,0.0076,0.000113,0.0000509,0.00162,0.00461,0.000588,0.00134,0.002,2.23E-16,2.22E-16,0.000224,0.00155,0.0635,0.00015,0.0000612,0.00523,0.000723,0.0000618,0.00464,0.00312,0.0000282,0.000631,0.00152,0.000266,0.00558,0.00327,0.000745,0.00311,0.000136,0.00683,0.000986,0.00292,0.0011,0.00251,0.00014,0.00563,0.00241,0.00111,0.00218,0.0367,0.0141,0.0142,0.00187,0.00103,0.0000094,0.00201,0.0024,0.00119,0.00035,0.000153,0.000493,0.00361,0.00144,0.00499,0.000517,0.00328,0.000294,0.0028,0.0018,0.00209,0.000348
C>G,TCG,T[C>G]G,0.0000694,0.0000412,0.00052,0.00183,0.00171,0.00000195,0.00000635,0.000364,0.00000875,0.000873,0.0000782,0.000404,2.23E-16,2.22E-16,2.22E-16,0.000214,0.0138,0.0000183,0.0000584,0.000439,0.00038,0.0000155,0.000899,0.000441,0.000124,0.0000627,0.000381,2.56E-18,0.00135,0.00206,0.0000941,0.0000128,0.0000246,0.000897,0.000106,0.000416,0.000997,0.0000804,2.22E-16,0.000155,0.000302,0.00086,0.0011,0.00962,0.00174,0.00193,0.000207,0.00147,7.68E-18,0.000178,0.0001,0,0.0000282,0.0000633,0.000103,0.00216,0.000581,0.00187,0.00123,0.000229,0.0000839,0.00133,0.00063,0.000405,0.0000659
C>G,TCT,T[C>G]T,0.00156,0.00118,0.0235,0.00338,0.0125,0.000128,0.000281,0.000714,0.0123,0.0000853,0.000249,0.00563,0.0000545,0.0000434,0.000185,0.00305,0.369,0.000321,0.000174,0.0285,0.000283,0.0015,0.00318,0.00161,0.00112,0.000687,0.000388,0.000466,0.00407,0.0164,0.00221,0.00213,0.000143,0.000336,0.000109,0.00424,0.000692,0.0201,0.00215,0.0212,0.00759,0.00255,0.00395,0.0507,0.0237,0.0446,0.000381,0.000251,0.00259,0.00329,0.0049,0.000924,0.000148,0.000544,0.000421,0.00333,0.00242,0.00374,0.000311,0.00211,0.000411,0.0129,0.0181,0.00152,0.000761
C>T,ACA,A[C>T]A,0.025,0.0000611,0.0142,0.0087,0.0326,0.0641,0.000122,0.00141,0.00133,0.00333,0.00681,0.0081,0.00104,0.000549,0.0258,0.00551,0.00718,0.0124,0.00505,0.00176,0.00122,0.000571,0.0092,0.028,0.0493,0.00217,0.00176,0.0226,0.0118,0.021,0.00266,0.0137,0.000777,0.00509,0.106,0.0177,0.0864,0.00531,0.00352,0.00221,0.00596,0.00624,0.00345,0.0096,0.0197,0.00988,0.0224,0.000029,0.0899,0.00133,0.0152,0.00427,0.000287,0.000575,0.00352,0.0358,0.00269,0.00722,0.00148,0.00511,0.0074,0.0326,0.0805,0.00392,0.00276
C>T,ACC,A[C>T]C,0.00632,0.00138,0.0124,0.00418,0.0179,0.0229,0.0177,0.0381,0.00768,0.0014,0.00282,0.00542,0.000834,0.00525,0.147,0.00212,2.22E-16,0.0101,0.00691,0.00373,0.00171,0.0000703,0.00465,0.0141,0.013,0.00392,0.00022,0.0809,0.0112,0.0131,0.00254,0.00542,0.00338,0.00431,0.0904,0.00928,0.123,0.00213,0.00371,0.00399,0.00328,0.00306,0.00215,0.00404,0.0121,0.00336,0.0398,0.000128,0.0169,0.000601,0.0089,0.00094,0.000438,0.000303,0.0018,0.00565,0.0021,0.00196,0.000529,0.000233,0.000982,0.0129,0.00676,0.00286,0.00134
C>T,ACG,A[C>T]G,0.365,0.0000327,0.00257,0.000783,0.00618,0.12,2.23E-16,0.000543,0.000927,0.00121,0.00323,0.00438,0.00557,0.000414,0.00758,0.000118,0.000303,0.0265,0.0745,0.00327,0.0000395,0.000287,0.0122,0.00155,0.0133,0.0074,0.00136,0.00872,0.000514,0.0197,0.00533,0.00671,0.00705,0.0201,0.0144,0.00759,0.0366,0.00716,0.000118,0.00058,0.00707,0.00633,0.00518,0.006,0.000267,0.00343,0.00044,0.00122,0.0143,0.00541,0.0046,0.00305,0.00121,0.00201,0.0139,0.00565,0.00408,0.00695,0.000343,0.00532,0.00152,0.0176,0.00863,0.00256,0.00421
C>T,ACT,A[C>T]T,0.00958,0.00186,0.0121,0.00425,0.022,0.0213,0.00742,0.0108,0.00748,0.0329,0.0125,0.00649,0.00299,0.00793,0.109,0.00238,0.000318,0.0161,0.00178,0.006,0.000737,0.000147,0.00797,0.0368,0.013,0.0000417,0.000616,0.035,0.00915,0.00573,0.00279,0.00448,0.00506,0.00183,0.0293,0.0101,0.152,0.00307,0.00387,0.0009,0.00431,0.00565,0.00244,0.0128,0.0169,0.00635,0.0352,0.00091,0.0303,0.00122,0.0068,0.00249,0.000235,0.000415,0.00692,0.0032,0.00176,0.00194,0.00499,0.000776,0.00284,0.0154,0.00731,0.00339,0.000298
C>T,CCA,C[C>T]A,0.002,0.00432,0.0161,0.0127,0.0194,0.0136,0.05,0.107,0.00271,0.0356,0.00267,0.00724,0.0000368,0.000151,0.00407,0.00659,0.0000193,0.00273,0.0108,0.00717,0.000821,0.000457,0.0117,0.119,0.0106,0.00135,0.00121,0.0622,0.00538,0.0143,0.00169,0.0174,0.000292,0.00761,0.11,0.0412,0.0169,0.00459,0.00475,0.0051,0.00675,0.00361,0.00424,0.00911,0.0196,0.00691,0.0187,0.00000762,0.00357,0.00214,0.0284,0.000864,0.0000182,0.00047,0.00384,0.00323,0.00327,0.0146,0.00337,0.00725,0.000298,0.0149,0.00809,0.00287,0.00152
C>T,CCC,C[C>T]C,0.00027,0.00017,0.0202,0.0115,0.019,0.0148,0.0553,0.182,0.00597,0.0026,0.00402,0.00876,2.23E-16,0.0000844,0.126,0.000254,0.00135,0.00138,0.0111,0.00284,0.00172,0.0000589,0.00676,0.092,0.013,0.00516,0.00319,0.189,0.00885,0.00594,0.00283,0.00714,0.00021,0.00164,0.103,0.164,0.0284,0.00153,0.000514,0.0832,0.00668,0.0021,0.00473,0.00386,0.0173,0.00185,0.0481,4.35E-18,0.00286,0.0000507,0.0133,0.00461,0.000301,0.000493,0.00425,0.0047,0.00182,0.0046,0.000226,0.004,0.000531,0.0121,0.00992,0.000409,0.00188
C>T,CCG,C[C>T]G,0.196,0.00277,0.00224,0.00331,0.0175,0.122,0.00671,0.0221,0.00894,0.00264,0.00149,0.00651,2.23E-16,0.0037,0.00092,0.0000409,0.00199,0.0116,0.0248,0.000691,0.0019,0.000543,0.0168,0.0157,0.0165,0.00622,0.000426,0.0142,0.00635,0.0116,0.00334,0.0075,0.00255,0.0153,0.0168,0.0082,0.0112,0.00588,0.00945,0.00267,0.00533,0.00327,0.0035,0.00757,0.00236,0.0101,0.00192,0.0000972,0.0155,0.0022,0.0083,0.00152,0.0000187,0.00138,0.00108,0.0207,0.00238,0.0137,0.0283,0.0000659,0.00795,0.0064,0.00799,0.0011,0.00406
C>T,CCT,C[C>T]T,0.000196,0.00145,0.023,0.016,0.0231,0.0138,0.0566,0.126,0.0206,0.000138,0.0145,0.0111,0.000103,0.000595,0.0651,0.00338,0.00145,0.00136,0.0156,0.0193,0.00174,0.000136,0.00665,0.258,0.0117,0.000325,0.0016,0.156,0.00429,0.0136,0.00165,0.00715,0.00332,0.000673,0.0462,0.145,0.0428,0.0027,0.0000353,0.047,0.00575,0.00606,0.0041,0.00699,0.0216,0.00773,0.0329,0.000744,0.00504,0.00273,0.0064,0.003,0.000479,0.000519,0.0119,0.00406,0.00257,0.016,0.00371,0.000719,0.000508,0.032,0.0277,0.00242,0.00251
C>T,GCA,G[C>T]A,0.00444,2.23E-16,0.0164,0.00409,0.0194,0.0936,0.0000849,0.000855,0.000157,0.000365,0.000276,0.00698,0.0000422,0.000363,0.0197,0.00448,0.00718,0.0171,0.0737,0.0065,0.00164,0.0000611,0.00968,0.061,0.0422,0.00932,0.00238,0.0537,0.0299,0.01,0.00275,0.0142,0.00325,0.0104,0.0497,0.0068,0.0226,0.00535,0.000233,0.00729,0.00372,0.00255,0.00237,0.00803,0.0143,0.00601,0.0336,0.000766,0.0955,0.001,0.0126,0.00106,0.000345,0.000184,0.00242,0.00447,0.00178,0.00918,0.000222,0.0065,0.00000949,0.00514,0.00678,0.00244,0.00124
C>T,GCC,G[C>T]C,0.0000928,0.000000129,0.0134,0.00446,0.0216,0.111,0.0117,0.0263,0.00000951,0.000181,0.000245,0.00653,0.0125,0.0151,0.115,0.00182,0.000921,0.00816,0.129,0.00529,2.22E-16,0.000157,0.00817,0.0397,0.0532,0.0196,0.00187,0.154,0.0437,0.00695,0.00545,0.0201,0.000188,0.00796,0.061,0.0114,0.0379,0.00514,2.22E-16,0.0178,0.0034,0.00231,0.00296,0.0045,0.0116,0.00864,0.152,4.1E-18,0.0814,0.000933,0.0045,0.00171,0.00000739,0.000118,0.00158,0.00309,0.00122,0.0119,0.0131,0.00151,0.000506,0.00693,0.00315,0.00235,0.00144
C>T,GCG,G[C>T]G,0.218,2.23E-16,0.000528,0.000482,0.0123,0.178,0.00000552,0.000176,0.0000343,0.000157,0.00191,0.00476,0.0149,0.0126,0.00178,0.0000746,0.000178,0.0000192,0.277,0.00117,0.00161,0.000855,0.0148,0.00321,0.0205,0.0000434,2.22E-16,0.0123,0.0254,0.0105,0.00668,0.00937,0.000215,0.0183,0.00524,0.00197,0.0104,0.00584,0.0167,0.00253,0.0057,0.00432,0.00448,0.00548,3.93E-18,0.0171,0.00455,0.00000966,0.0496,0.00151,0.0015,0.00172,0.000303,0.00104,0.0055,0.00428,0.00283,0.00599,0.0191,0.0119,0.00206,0.00844,0.00736,3.24E-18,0.00336
C>T,GCT,G[C>T]T,0.0000384,0.0000504,0.0113,0.00381,0.0186,0.0744,0.0161,0.00539,0.000758,0.0421,0.00461,0.0107,0.0135,0.0319,0.0696,0.00267,0.00127,0.0105,0.0772,0.00672,0.000066,2.23E-16,0.00669,0.109,0.0331,0.00805,0.00176,0.107,0.0203,0.00982,0.00498,0.00759,0.000102,0.00512,0.0177,0.0057,0.0532,0.00393,0.000517,0.00603,0.00363,0.00232,0.0032,0.00861,0.0127,0.00841,0.0865,0.00186,0.0666,0.00199,0.004,0.00404,0.00011,0.000308,0.0163,0.00595,0.00102,0.0031,0.000248,0.00529,0.00083,0.00618,0.00503,0.00296,0.000894
C>T,TCA,T[C>T]A,0.00111,0.536,0.00576,0.00374,0.0203,0.012,0.238,0.00661,0.0173,0.000207,0.00504,0.00427,0.000366,0.00273,0.00978,0.00552,0.00693,0.00354,0.0265,0.00636,0.000532,0.000108,0.0114,0.0439,0.00807,0.0036,0.00159,0.0153,0.0024,0.0111,0.00329,0.0188,0.00484,0.00639,0.098,0.00748,0.0248,0.0147,0.00186,0.00296,0.0107,0.00402,0.00645,0.00388,0.03,0.0117,0.00482,0.0000372,0.0014,0.0024,0.0185,0.00724,0.000214,0.000187,0.0194,0.0017,0.00147,0.00573,7.45E-18,5.82E-11,0.0002,0.00814,0.00429,0.000161,0.0000407
C>T,TCC,T[C>T]C,0.0000373,0.0973,0.0133,0.00699,0.023,0.0105,0.331,0.211,0.0137,0.00565,0.000252,0.00733,0.00276,0.0485,0.158,0.00264,0.00448,0.000137,0.00956,0.00368,0.0000906,0.000604,0.0114,0.025,0.00919,0.0000807,0.00132,0.0436,0.0122,0.00645,0.00253,0.00799,0.00413,3.61E-18,0.134,0.0246,0.0387,0.00317,0.000289,0.0126,0.00686,0.0025,0.00723,0.00528,0.0231,0.00647,0.0327,5.06E-18,0.00225,0.00202,0.0126,0.0371,0.000317,0.000582,0.104,0.00177,0.00153,0.00577,0.000661,0.00411,0.000184,0.0173,0.0153,0.00028,0.000958
C>T,TCG,T[C>T]G,0.11,0.0442,0.000989,0.000281,0.0159,0.052,0.0741,0.0574,0.0000464,0.00175,0.0000417,0.00326,0.00279,0.437,0.000000294,0.0000885,0.00119,0.00532,0.0212,0.00302,0.000177,0.0000624,0.0118,0.00432,0.00264,0.000317,0.0000377,0.00287,0.00269,0.0141,0.00263,0.00461,0.00174,0.0144,0.0147,0.00841,0.00985,0.00385,0.0003,0.000765,0.00389,0.00343,0.00347,0.00486,0.00212,0.00492,0.000364,3.07E-18,7.68E-18,0.00175,0.0037,0.00194,0.000402,0.000934,0.00397,0.00649,0.00219,0.0102,1.19E-13,0.00481,0.000154,0.0046,0.00334,4.54E-18,0.00173
C>T,TCT,T[C>T]T,2.23E-16,0.3,0.00817,0.00722,0.021,0.00699,0.107,0.102,0.00232,0.05,0.00527,0.00546,0.0228,0.128,0.119,0.00612,0.00142,0.000359,0.00174,0.0221,0.000348,0.000895,0.00375,0.0629,0.00005,0.0000731,2.22E-16,0.0263,0.00471,0.0124,0.00213,0.0119,0.00199,0.00428,0.0525,0.0195,0.067,0.00904,0.000808,0.00804,0.00833,0.00584,0.00658,0.00423,0.0224,0.0115,0.0151,0.000836,0.00302,0.00295,0.0044,0.0809,0.00000585,0.000312,0.0818,0.0424,0.00165,0.00771,0.000236,0.0314,0.000082,0.0372,0.179,0.00209,0.00391
T>A,ATA,A[T>A]A,0.0008,0.0000959,0.00549,0.00942,0.00738,0.0000982,0.00194,0.00249,0.0124,0.0000889,0.0195,0.0127,0.0000507,0.00182,0.000417,0.00517,2.22E-16,0.000613,0.00204,0.0231,0.00101,0.0000626,0.00249,0.000786,0.000511,0.00346,0.0639,8.28E-18,0.00158,0.0204,0.00152,0.143,0.000172,0.000619,0.000363,0.00786,0.000713,0.000868,0.103,0.00489,0.00244,0.00225,0.00199,0.00531,0.0061,0.00746,0.0133,0.0153,0.00478,0.000525,0.0027,0.138,0.00066,0.000129,0.00536,0.113,0.00177,0.00589,0.000956,0.00426,0.00000505,0.00328,0.0245,0.002,0.00397
T>A,ATC,A[T>A]C,0.00223,0.000878,0.00721,0.00353,0.00693,0.000546,0.00067,0.000467,0.00342,0.00108,0.0213,0.00282,0.000194,0.000337,0.000441,0.00271,0.0000652,0.000372,0.000841,0.00774,0.000997,0.000289,0.000878,0.000255,0.00519,0.00565,0.00701,5.56E-18,0.00225,0.00889,0.00352,0.00146,0.000478,0.002,0.000393,0.00607,0.000887,0.00114,0.0444,0.00736,0.00143,0.00166,0.00194,0.00288,0.00444,0.0043,0.00401,0.00378,0.0026,0.000497,0.0018,0.00716,0.000266,0.0000778,0.00394,0.00135,0.00118,0.00259,0.00319,0.000618,0.00429,0.00643,0.00146,0.0025,0.000223
T>A,ATG,A[T>A]G,0.00114,0.0000255,0.00964,0.0124,0.00912,2.22E-16,0.000587,0.00156,0.000211,0.0037,0.0228,0.00276,2.23E-16,0.0000234,0.0000393,0.00312,0.00059,0.000354,0.00054,0.00881,0.0002,0.0000657,0.0026,0.000952,0.000303,0.000248,0.0606,0.000354,0.002,0.00624,0.000625,0.00123,0.000152,0.00248,0.000638,0.00503,0.000712,0.000696,0.0346,0.00133,0.00253,0.00249,0.00108,0.00694,0.00693,0.00303,0.00501,0.00143,0.00000108,0.00213,0.0005,0.00745,0.000465,0.000241,0.000573,0.0368,0.00119,0.00287,0.00423,0.0081,0.000513,0.0058,0.00469,0.00219,0.000352
T>A,ATT,A[T>A]T,0.000183,2.23E-16,0.00611,0.00421,0.0062,0.00166,0.00371,0.00829,0.0507,0.0411,0.025,0.0189,0.00666,0.00285,0.0000034,0.00282,0.000606,0.00185,0.00954,0.011,0.00146,0.000633,0.00784,0.000654,0.0256,0.0016,0.00251,0.000161,0.0018,0.0149,0.00307,0.00254,0.0017,0.00196,0.00049,0.00416,0.000844,0.00507,0.316,0.00737,0.00307,0.00277,0.00272,0.00612,0.0107,0.0696,0.00685,0.00428,0.0308,0.000605,0.002,0.0676,0.000675,0.000354,0.00241,0.0295,0.00119,0.00463,0.000301,0.00392,0.029,0.00631,0.00877,0.0028,0.000728
T>A,CTA,C[T>A]A,0.000043,0.000243,0.00794,0.0144,0.00354,0.0000666,0.000177,0.00112,0.00347,0.00161,0.019,0.00479,2.23E-16,0.0000709,0.000184,0.000546,0.000209,0.000155,0.000348,0.00321,0.000434,0.0000936,0.000542,0.000096,0.000144,0.00000619,0.128,0.000462,0.00132,0.0263,0.000944,0.331,0.00014,0.00195,0.000214,0.0206,0.000325,0.000746,0.0237,0.0526,0.00126,0.00157,0.000897,0.00494,0.00109,0.00362,0.0126,0.00136,0.0000124,0.000697,0.0042,0.014,0.0000862,0.0000741,0.000193,0.00611,0.00122,0.00369,7.45E-18,0.0000739,0.00119,0.00639,0.00248,0.0000703,0.0000664
T>A,CTC,C[T>A]C,0.000393,0.000244,0.0178,0.0122,0.00519,0.000551,0.000261,0.000958,0.0134,0.0000813,0.0292,0.00313,2.23E-16,0.000106,0.000212,0.0056,0.000342,0.00295,0.000244,0.0057,0.0405,0.00224,0.00306,0.000403,0.00648,0.000688,0.0551,4.47E-18,0.00187,0.0158,0.00145,0.00281,0.00135,0.00141,0.000777,0.0211,0.00065,0.000992,0.000409,0.033,0.00146,0.00116,0.00202,0.00644,0.00762,0.00319,0.00172,0.0000121,0.00325,0.00104,0.0033,0.000571,0.000102,0.0000514,0.000535,0.00149,0.000231,0.0045,0.000732,0.0000011,0.000974,0.00659,0.0223,0.00164,0.000514
T>A,CTG,C[T>A]G,0.000324,0.000149,0.0132,0.0325,0.00501,0.000115,0.000112,0.000883,0.000961,0.0012,0.0276,0.00531,2.23E-16,2.22E-16,0.000305,0.00141,0.000226,0.000317,0.000082,0.00103,0.0124,0.000717,0.00321,0.000294,0.000123,0.000125,0.168,0.000132,0.00503,0.0629,0.00114,0.0044,0.000806,0.00198,0.000587,0.0187,0.00141,0.000479,0.00117,0.0582,0.00214,0.0016,0.00178,0.0068,0.00346,0.00312,0.0149,0.000296,0.000582,0.00341,0.0043,0.0000582,0.00031,0.000232,0.000516,0.00652,0.00123,0.0033,0.00192,0.016,0.00159,0.00129,0.000858,0.000139,0.000000381
T>A,CTT,C[T>A]T,0.00026,2.23E-16,0.0127,0.0118,0.0043,0.000179,0.000371,0.000112,0.0487,0.00115,0.0418,0.00444,0.000376,0.000234,0.000162,0.0015,0.000523,0.00138,0.00105,0.00653,0.0723,0.00779,0.00226,0.000218,0.000102,2.22E-16,0.0603,0.000375,0.0048,0.0366,0.000642,0.00543,0.00103,0.00198,0.000612,0.031,0.000663,0.00112,0.000268,0.0664,0.00196,0.00206,0.00236,0.00827,0.00928,0.00901,0.00757,0.000203,0.0000138,0.00134,0.0036,0.000076,0.000362,0.000106,0.000209,0.00362,0.000856,0.00861,0.0000666,0.00523,0.00000609,0.0107,0.0013,0.00371,0.000132
T>A,GTA,G[T>A]A,0.0000812,2.23E-16,0.00706,0.00922,0.00367,0.000051,0.000401,0.000526,0.00173,0.0000237,0.0128,0.00265,0.00000331,2.22E-16,0.00000154,0.000826,0.0000067,0.0000577,0.000511,0.00094,0.0000646,0.0000973,0.0016,0.000189,0.0000556,0.00117,0.0537,6.26E-18,0.00157,0.0362,0.000783,0.11,0.000116,0.00343,0.000329,0.0019,0.00879,0.00081,0.019,0.000717,0.00088,0.00115,0.000893,0.00496,0.00265,0.00233,0.012,0.00618,0.00116,0.0003,0.0061,0.016,0.00013,0.0000504,0.000732,0.0204,0.000524,0.00445,0.00233,0.00243,0.00042,0.00333,0.00207,0.000255,0.000109
T>A,GTC,G[T>A]C,0.000129,0.000131,0.00748,0.0036,0.00291,0.000489,0.000224,0.000256,0.00227,0.000112,0.0135,0.00212,2.23E-16,0.000123,0.000375,0.00181,0.00013,0.00273,0.000589,0.000608,0.0034,0.000347,0.00195,0.0000778,0.00256,0.00326,0.0102,0.00014,0.00235,0.00585,0.00115,0.0000235,0.000118,0.000789,0.000182,0.00291,0.00822,0.000362,0.00242,0.00556,0.000631,0.000774,0.00112,0.00352,0.00343,0.00229,0.00184,0.00133,0.00236,0.000638,0.001,0.000228,0.000124,0.000091,0.00105,0.00385,0.000399,0.0027,0.00899,0.000185,0.00237,0.000597,0.000626,0.00198,0.00011
T>A,GTG,G[T>A]G,0.000246,0.0000638,0.0116,0.0131,0.00411,0.000195,0.00029,0.000656,2.22E-16,0.00135,0.0156,0.000788,0.000073,2.22E-16,0.000119,0.00251,0.000047,0.00012,0.000187,0.00555,0.000695,0.000241,0.00183,0.000486,0.00213,0.000742,0.0375,4.68E-18,0.00249,0.0382,0.000608,0.00157,0.0000717,0.00366,0.0000986,0.00577,0.0131,0.000827,0.00653,0.00112,0.00117,0.00108,0.00121,0.00667,0.00441,0.00143,0.00777,0.0045,0.00221,0.00103,0.0024,0.0000131,0.000143,0.00011,0.000199,0.00429,0.00129,0.00396,0.00264,0.0125,0.000436,0.00246,0.0204,0.000505,0.00036
T>A,GTT,G[T>A]T,0.000258,0.0000628,0.0123,0.00552,0.00322,0.000248,0.000306,0.0000559,0.0203,0.00876,0.0281,0.00256,0.000426,0.000108,0.000164,0.000915,0.000358,0.000857,0.00084,0.000966,0.0048,0.00158,0.00346,0.000283,0.0043,0.000937,0.00932,5.78E-18,0.00131,0.0202,0.000834,0,0.000324,0.00107,0.000191,0.000789,0.00616,0.00176,0.00748,0.00286,0.00112,0.00168,0.00184,0.00409,0.00577,0.00452,0.00325,0.00131,0.00318,0.00051,0.0012,0.00000328,0.000231,0.000131,0.000786,0.000146,0.000811,0.00311,0.00185,0.00512,0.00537,0.00793,0.00277,0.00151,0.000637
T>A,TTA,T[T>A]A,0.00672,0.000422,0.00651,0.00888,0.00631,0.000454,0.000356,0.00324,0.0154,0.0167,0.0115,0.026,0.00204,0.00306,0.000186,0.00375,0.000296,0.0002,0.00109,0.0123,0.000119,0.00119,0.0108,0.000494,0.012,0.000257,0.0718,7.77E-18,0.00412,0.0218,0.00113,0.0528,0.000188,0.000764,0.000282,0.0067,0.000512,0.0041,0.272,0.0043,0.00246,0.00245,0.00244,0.00669,0.00713,0.0806,0.0085,0.0000763,0.00696,0.000407,0.0045,0.156,0.0000235,0.00042,0.00169,0.0201,0.00105,0.0031,0.00155,0.00361,0.00942,0.00302,0.0119,0.00209,0.00113
T>A,TTC,T[T>A]C,2.23E-16,0.000192,0.0105,0.00431,0.00414,0.000114,0.000389,0.00224,0.0342,0.00123,0.0195,0.00185,0.00036,0.000665,0.000202,0.00645,0.000232,0.00173,0.000157,0.00467,0.0057,0.000242,0.00273,0.000475,0.000318,0.000795,0.0236,5.27E-18,0.00327,0.00341,0.00126,0.0000471,0.00125,0.00193,0.000241,0.00375,0.00245,0.000217,2.22E-16,0.0053,0.00102,0.00113,0.000928,0.00369,0.0103,0.0143,0.00226,0.000938,0.0000207,0.000262,0.0043,0.0000123,0.00000764,0.000057,0.000664,0.00258,0.000469,0.00356,0.000179,0.0000695,0.000805,0.00923,0.000898,0.00186,2.23E-16
T>A,TTG,T[T>A]G,0.000028,0.0000501,0.00671,0.00954,0.00479,0.0000295,2.23E-16,0.0017,0.0122,0.0056,0.0129,0.0167,0.000693,0.0000706,0.000201,0.00277,0.000188,0.000357,0.000149,0.00518,0.00183,2.23E-16,0.00179,0.000373,0.000176,0.0000985,0.0732,0.000185,0.00199,0.0102,0.000278,0,0.000321,0.000924,0.00019,0.00327,0.00176,0.00066,0.00777,0.00138,0.000872,0.00128,0.000804,0.00546,0.00502,0.00929,0.00533,0.0000514,0.00000502,0.000654,0.0005,0.000452,0.00000832,0.0000753,0.0000754,0.00403,0.000778,0.0016,0.000329,0.00948,0.00636,0.0044,0.000829,0.000453,0.0000424
T>A,TTT,T[T>A]T,0.00225,0.000205,0.013,0.00562,0.00875,0.000426,0.000798,2.22E-16,0.279,0.0273,0.0379,0.017,0.00529,0.00152,0.000674,0.00525,0.000062,0.00182,0.000475,0.00716,0.00198,0.00131,0.0071,0.000673,0.00671,0.0000764,0.0301,7.32E-18,0.00219,0.0145,0.00131,0.00193,0.00572,0.0012,0.000701,0.00888,0.000711,0.00272,0.046,0.00541,0.0027,0.00195,0.0025,0.0107,0.021,0.0535,0.00352,8.77E-18,0.0139,0.00139,0.0034,0.00435,0.000426,0.000331,0.00295,0.00638,0.00134,0.00508,7.45E-18,0.0021,0.000744,0.0289,0.0146,0.00299,0.00053
T>C,ATA,A[T>C]A,0.00109,0.0000617,0.0165,0.00795,0.0462,0.00221,0.00049,0.00102,0.000288,0.00436,0.00977,0.0203,0.000745,0.00935,0.00114,0.0736,0.00191,0.0126,0.00389,0.242,0.0000965,0.0000973,0.00202,0.00259,0.0107,0.0167,0.025,0.000886,0.0064,0.0207,0.0848,0.00505,0.000549,0.00196,0.000611,0.0204,0.000936,0.0125,0.00462,0.00204,0.00525,0.0733,0.00279,0.0112,0.0187,0.0144,0.0116,0.00000888,0.0193,0.00137,0.0185,0.00283,0.0011,0.000613,0.00263,0.00259,0.00375,0.0113,0.0292,0.00435,0.0125,0.0266,0.0805,0.00995,0.00129
T>C,ATC,A[T>C]C,0.00304,0.0000215,0.00776,0.000715,0.0134,0.00113,0.000227,0.000456,0.000533,0.00393,0.00501,0.0105,0.00362,0.00051,0.000938,0.0403,0.000142,0.0063,0.00196,0.0129,0.0127,0.000252,0.00209,0.000594,0.00455,0.01,0.000899,0.000178,0.00218,0.0095,0.0261,0.00185,0.000441,0.00229,0.000458,0.0074,0.000701,0.00375,0.00123,0.000821,0.00169,0.0384,0.00164,0.00564,0.00734,0.00579,0.00351,0.0313,0.00324,0.000418,0.0478,0.00567,0.000189,0.0000814,0.00928,0.0193,0.00188,0.0037,0.00775,0.00000336,0.00616,0.00966,0.00493,0.00261,0.000277
T>C,ATG,A[T>C]G,0.000106,0.0000132,0.0123,0.005,0.0382,0.00424,0.000187,0.0015,0.00107,0.00919,0.00698,0.0143,0.00214,0.000531,0.00032,0.0705,0.000428,0.0124,0.00024,0.0639,0.000376,2.23E-16,0.00208,0.00231,0.0186,0.00388,0.00775,0.00047,0.00176,0.0199,0.0785,0.00569,0.000405,0.00275,0.000277,0.00812,0.00109,0.0734,0.0000195,0.00092,0.00384,0.0168,0.00217,0.00964,0.0155,0.00804,0.00856,0.000586,0.0272,0.00207,0.0329,0.00209,0.000285,0.0002,0.00113,0.00395,0.00262,0.00825,0.202,0.00402,0.00955,0.0103,0.00675,0.00352,0.00000352
T>C,ATT,A[T>C]T,0.00574,0.000155,0.0173,0.00156,0.0383,0.000502,0.000615,0.00215,0.00265,0.051,0.0149,0.029,0.00336,0.00015,0.00119,0.0638,0.000959,0.00597,0.000929,0.136,0.00779,0.000544,0.00424,0.00174,0.000103,0.0256,0.000755,0.000261,0.00244,0.0145,0.0372,0.00259,0.000595,0.00115,0.000545,0.00847,0.00061,0.00921,0.00234,0.00203,0.00512,0.048,0.00349,0.0136,0.0194,0.0177,0.0027,0.0088,0.000267,0.00146,0.0306,0.0013,0.00111,0.000482,0.00492,0.00187,0.00492,0.00718,0.00783,0.0137,0.0124,0.0179,0.00816,0.0108,0.0000363
T>C,CTA,C[T>C]A,2.23E-16,0.000302,0.00883,0.00518,0.0133,0.00166,0.000451,0.00153,0.00757,0.0102,0.00239,0.0137,0.000122,0.00132,0.000328,0.0454,0.0000474,0.00316,0.00075,0.0107,0.0111,0.000647,0.000386,0.000452,0.0117,0.0115,0.00674,6.86E-18,0.00227,0.00903,0.052,0.0049,0.00132,0.00118,0.00127,0.00815,0.000593,0.0151,0.000594,0.00133,0.0015,0.05,0.00195,0.00734,0.0109,0.0103,0.00354,0.00272,0.0146,0.00111,0.0223,0.00191,0.000145,0.000121,0.000839,0.00418,0.00239,0.0101,0.0114,0.00418,0.00337,0.012,0.00392,0.0022,0.000879
T>C,CTC,C[T>C]C,0.0025,0.0000285,0.0145,0.00236,0.0104,0.00103,0.000259,0.00084,0.00358,0.0000889,0.007,0.0153,0.0000412,0.000124,0.000713,0.0497,0.000122,0.00534,0.00215,0.00317,0.173,0.00646,0.00246,0.0000814,0.00483,0.00282,0.00134,4.47E-18,0.00224,0.0108,0.0312,0.00572,0.00262,0.00184,0.00138,0.00991,0.000927,0.0301,0.0000404,0.00202,0.00188,0.0218,0.00232,0.00791,0.00987,0.00525,0.00313,0.105,0.0032,0.00287,0.0834,0.00628,0.00045,0.000178,0.0177,0.0711,0.00131,0.00407,0.017,0.00498,0.00264,0.00456,0.0095,0.00573,0.00279
T>C,CTG,C[T>C]G,0.00036,2.23E-16,0.0101,0.0055,0.0208,0.00532,0.000104,0.00073,0.00217,0.000935,0.00126,0.0154,0.00105,0.0000253,0.000131,0.0374,2.22E-16,0.00447,0.00139,0.00961,0.0873,0.00392,0.00162,0.000498,0.0261,0.0144,0.00203,0.000389,0.00422,0.0134,0.0787,0.00566,0.00249,0.00391,0.00127,0.00446,0.00184,0.04,0.000811,0.00156,0.00185,0.00995,0.00254,0.00777,0.0105,0.00557,0.00356,0.00925,0.0338,0.00156,0.0504,0.0031,0.0000321,0.000108,0.00242,0.00293,0.00123,0.00849,0.193,0.000949,0.000481,0.0083,0.00593,0.00164,0.00058
T>C,CTT,C[T>C]T,0.0000426,0.000186,0.0158,0.00256,0.0149,0.00127,0.00182,0.00573,0.0431,0.0397,0.00646,0.0329,0.00000244,0.000815,0.0000845,0.0459,0.000112,0.00206,0.00175,0.0155,0.426,0.0183,0.00256,0.000391,0.0069,0.0217,0.000536,0.0000471,0.00363,0.00896,0.0555,0.0039,0.000367,0.00178,0.0041,0.0138,0.00109,0.00307,0.00159,0.00318,0.00216,0.0504,0.00427,0.00859,0.0136,0.00787,0.00324,0.00945,0.00771,0.000602,0.0958,0.00545,0.0000677,0.0000974,0.00138,0.00664,0.00234,0.00542,0.0269,0.000684,0.000206,0.0243,0.0282,0.0122,0.0021
T>C,GTA,G[T>C]A,0.00105,2.23E-16,0.00998,0.0029,0.0141,0.00257,0.000101,0.000266,2.22E-16,0.0008,0.0026,0.00952,0.0022,0.0147,0.000809,0.0711,0.000287,0.011,0.0129,0.00206,0.000123,0.0000595,0.000708,0.000954,0.00276,0.223,0.000721,0.000218,0.0037,0.0175,0.0835,0.00478,0.000491,0.00108,0.000935,0.00453,0.00914,0.0122,0.000109,0.000565,0.00234,0.0307,0.0017,0.00747,0.00601,0.00606,0.00582,7.5E-18,0.027,0.000654,0.0221,0.000417,0.000157,0.0000659,0.00138,0.00118,0.00242,0.00561,0.0114,0.00261,0.00073,0.00386,0.00218,0.00071,0.000761
T>C,GTC,G[T>C]C,0.0019,0.0000274,0.00564,0.00118,0.00794,0.00111,0.0000741,2.22E-16,0.000423,0.00232,0.00262,0.00978,0.00628,0.00533,0.00086,0.0304,0.000182,0.00654,0.0116,0.00119,0.0149,0.0015,0.00226,0.000371,0.00226,0.0663,0.00124,0.000418,0.00365,0.00405,0.0248,0.00196,0.000587,0.00359,0.000555,0.00657,0.00767,0.00794,0.000646,0.00203,0.0014,0.0182,0.00216,0.00689,0.00458,0.00374,0.00331,0.0219,0.00116,0.00057,0.0576,0.00109,0.000129,0.000151,0.00538,0.00227,0.00205,0.00668,0.00443,0.00317,0.0000273,0.00229,0.00078,0.00318,0.000635
T>C,GTG,G[T>C]G,0.00117,0.000107,0.0109,0.00237,0.015,0.00245,0.0000725,0.000529,0.000232,0.00257,0.00281,0.00631,2.23E-16,0.00138,0.000561,0.0415,0.000195,0.011,0.00595,0.00428,0.00357,0.00101,0.00398,0.000953,0.00406,0.117,0.000581,4.68E-18,0.00267,0.0134,0.0712,0.00123,0.000731,0.00299,0.000501,0.00513,0.00962,0.207,0.00044,0.000191,0.00184,0.00983,0.00187,0.00574,0.00565,0.00351,0.00321,0.0012,0.0173,0.000907,0.0353,0.0031,0.0000467,0.0000653,0.00371,0.00456,0.000914,0.00256,0.121,0.00601,0.00165,0.00472,0.0111,0.000986,0.0005
T>C,GTT,G[T>C]T,0.0000713,0.0000125,0.0102,0.000755,0.0137,0.000906,0.000811,0.00685,0.00707,0.318,0.00629,0.00986,0.00529,0.0115,0.000237,0.0463,2.22E-16,0.0112,0.00586,0.0024,0.00524,0.00147,0.00315,0.00236,0.000928,0.133,0.000834,0.000799,0.00399,0.0142,0.0552,0.00375,0.000851,0.00155,0.000445,0.00469,0.0129,0.00971,2.22E-16,0.000421,0.00265,0.04,0.00305,0.00751,0.00731,0.00389,0.00239,0.000518,0.0111,0.00139,0.0607,0.00319,0.00011,0.000175,0.00117,0.00401,0.00311,0.00699,0.00541,0.0126,0.00258,0.00536,0.00202,0.00119,0.000696
T>C,TTA,T[T>C]A,0.000255,2.23E-16,0.0152,0.00241,0.018,0.00148,0.00215,0.006,0.0302,0.0812,0.00208,0.014,0.00073,0.00886,0.000113,0.0861,0.0000221,0.00627,0.00342,0.013,0.00209,0.00106,0.0018,0.00124,0.0138,0.0842,0.00463,7.77E-18,0.00146,0.0145,0.0423,0.00172,0.00131,0.00259,0.000544,0.00459,0.000897,0.011,0.0014,0.000368,0.00297,0.0477,0.00211,0.00594,0.0102,0.0636,0.00682,0.000137,0.0199,0.00128,0.0093,0.00137,0.000605,0.000173,0.00109,0.00446,0.00277,0.00711,0.00473,0.00488,0.000568,0.0049,0.00331,0.00205,0.00024
T>C,TTC,T[T>C]C,0.00339,0.0000435,0.00899,0.000503,0.00971,0.00109,0.000596,0.00173,0.0209,0.0143,0.00264,0.0136,0.00517,0.000081,0.000467,0.0463,0.0000249,0.00288,0.00592,0.00367,0.0153,0.0011,0.00618,0.000553,0.0166,0.0548,2.22E-16,0.00019,0.003,0.00741,0.0314,0.00349,0.00205,0.0015,0.000286,0.0103,0.00122,0.0125,0.00624,0.000822,0.00228,0.0451,0.00219,0.00644,0.00755,0.0268,0.00303,0.0359,0.0105,0.0011,0.0543,0.0175,0.000404,0.0000847,0.029,0.00393,0.00218,0.00503,0.00819,0.00098,0.00132,0.0267,0.0196,0.00224,0.00109
T>C,TTG,T[T>C]G,0.000416,0.000117,0.00693,0.00174,0.0127,0.00213,0.000319,0.00381,0.0129,0.0228,2.22E-16,0.00931,0.000363,0.000668,0.000155,0.04,0.0000998,0.00431,0.00132,0.00723,0.00235,0.00121,0.00326,0.00108,0.012,0.0276,0.00122,0.000302,0.00203,0.00489,0.0303,0.00115,0.00141,0.000379,0.000203,0.00401,0.00169,0.32,0.0011,0.000438,0.00138,0.01,0.00192,0.00498,0.00601,0.0205,0.00341,0.0000278,0.0191,0.00124,0.0237,0.00158,0.000297,0.0000631,0.00102,0.00247,0.00107,0.00472,0.0884,0.00416,0.00185,0.00296,0.00216,0.00135,0.000109
T>C,TTT,T[T>C]T,0.00433,0.0000358,0.0139,0.000636,0.0185,0.00174,0.000812,0.00297,0.0881,0.0431,0.00457,0.0384,0.00325,0.0000251,0.000106,0.0597,0.000531,0.00292,0.00135,0.00839,0.021,0.001,0.00337,0.00147,0.0193,0.0407,2.22E-16,7.32E-18,0.00367,0.017,0.0574,0.00153,0.00206,0.000822,0.000445,0.0121,0.000684,0.00912,0.00708,0.00106,0.0028,0.0614,0.00306,0.00948,0.0102,0.0461,0.00236,0.00184,0.0371,0.000545,0.0365,0.0115,0.000532,0.000208,0.00511,0.0213,0.002,0.00219,0.0125,0.000887,0.000285,0.195,0.032,0.00261,0.00132
T>G,ATA,A[T>G]A,0.000172,0.000238,0.00395,0.00105,0.00386,0.0000257,0.000473,0.0000844,0.0119,0.0037,0.00164,0.0451,0.00192,0.0000347,0.000218,0.00201,0.0000614,0.000212,0.000468,0.0112,0.000851,0.00141,0.000721,0.00233,0.0000105,0.000392,0.00233,8.28E-18,0.00321,0.00528,0.00292,0.00114,0.00987,0.000407,0.000039,0.00368,0.000386,0.000979,0.00282,0.00305,0.00109,0.0217,0.00115,0.00388,0.00723,0.00753,0.0012,0.00263,0.000000024,0.000117,0.0001,0.000171,0.000517,0.000196,0.000743,0.000723,0.00173,0.00459,0.0000387,0.000262,0.000121,0.00706,0.0135,0.00179,0.025
T>G,ATC,A[T>G]C,0.000207,0.0000746,0.0026,0.000159,0.0026,0.000204,0.000247,0.000932,0.00105,0.00266,0.000668,0.00693,0.00124,0.0000533,0.0000467,0.000664,2.22E-16,0.00297,0.000415,0.00441,0.0007,0.00448,0.000858,0.00189,0.0000213,0.000437,0.0000509,5.43E-18,0.0014,0,0.00253,0.000959,0.0173,0.000817,0.00011,0.00248,0.000429,0.000302,0.000462,0.000966,0.000623,0.0106,0.00107,0.00297,0.00705,0.00164,0.000405,0.00407,0.0000326,0.000584,0.0008,0.00172,0.000041,0.0000828,0.000607,0.00409,0.000529,0.0029,0.00158,0.00092,7.99E-18,0.000789,0.000788,0.00156,0.0105
T>G,ATG,A[T>G]G,0.000268,0.00000205,0.0063,0.00142,0.00794,0.000107,0.000276,0.00147,0.000604,0.0106,0.00477,0.00533,0.00032,0.000523,0.000179,0.000808,0.0000825,0.000709,0.000185,0.00462,0.000719,0.00099,0.00199,0.00177,0.0000269,0.000187,0.00295,5.68E-18,0.00206,0.00714,0.00229,0.0000677,0.00768,0.00042,0.00041,0.00402,0.00127,0.000475,0.000197,0.00448,0.000936,0.0168,0.00207,0.00766,0.00806,0.0027,0.000637,0.0349,0.00000747,0.000984,0.0016,0.00368,0.000351,0.000126,0.00394,0.0278,0.00119,0.00506,0.00115,0.145,0.0000127,0.00123,0.00271,0.0017,0.0261
T>G,ATT,A[T>G]T,0.000112,0.00000376,0.00397,0.000216,0.00483,0.000386,0.000309,0.000733,2.22E-16,0.0143,0.00074,0.0239,0.00922,2.22E-16,0.000285,0.00128,0.00032,0.0111,0.00363,0.00796,0.0125,0.0691,0.00184,0.00162,0.0000582,0.0000695,0.0000418,7.43E-18,0.00471,0,0.00593,0.000256,0.115,0.00081,0.000794,0.000783,6.45E-18,0.000758,0.00115,0.00263,0.000984,0.0247,0.00286,0.00642,0.018,0.00761,0.000911,0.00564,0.00142,0.000166,0.0006,0.00808,0.000199,0.000126,0.000103,0.00213,0.00186,0.00206,0.00034,0.00228,0.00575,0.00597,0.00208,0.00344,0.0164
T>G,CTA,C[T>G]A,0.0000355,0.000153,0.00437,0.00087,0.00259,0.0000495,0.0000842,0.000359,0.00328,0.00148,0.00122,0.026,0.000155,0.000227,2.22E-16,0.000893,0.0000414,0.0000485,0.000206,0.00396,0.00031,0.00205,0.000111,0.000714,0.000963,0.00000435,0.00491,6.85E-18,0.00143,0,0.00142,0,0.0146,0.000781,0.000198,0.00197,0.0000581,0.000728,0.00106,0.00371,0.000478,0.0026,0.000983,0.0053,0.00335,0.00347,0.00087,0.00273,0.000234,0.000102,0,0.000137,0.000134,0.000106,0.000894,0.00278,0.000803,0.00149,0.00436,0.00165,0.00582,0.00014,0.000503,0.00101,0.00323
T>G,CTC,C[T>G]C,0.000212,0.000155,0.00704,0.000441,0.00461,0.000784,0.000172,0.000792,0.00558,0.0000498,0.00195,0.00741,2.23E-16,0.00115,2.22E-16,0.00114,0.00000282,0.00121,0.000157,0.00108,0.00104,0.0314,0.00199,0.00209,0.0016,0.0000544,0.00088,0.000148,0.00088,0.00289,0.00494,0.000381,0.0221,0.00000569,0.000215,0.00143,0.00045,0.000949,2.22E-16,0.000518,0.000566,0.00238,0.00141,0.00739,0.00567,0.00241,0.000753,0.00726,0.00253,0.000281,0.0018,0.0000515,0.0000928,0.0000267,0.0000618,0.00256,0.000775,0.00424,0.0189,0.000466,0.000000393,0.000847,0.00104,0.00262,0.00416
T>G,CTG,C[T>G]G,0.000128,0.000121,0.0107,0.00379,0.00613,0.000924,2.23E-16,0.00129,0.00119,0.0000258,0.0047,0.0142,0.0000535,0.000479,2.22E-16,0.000593,2.22E-16,0.000435,0.000272,0.00224,0.00000194,0.0137,0.00293,0.00133,0.00271,0.0000201,0.00803,0.0000652,0.00304,0.0118,0.00556,0.000403,0.0155,0.000332,0.0000785,0.0015,0.00109,0.00107,0.000436,0.00636,0.000887,0.00377,0.00159,0.00983,0.00559,0.00304,0.00568,0.0465,0.00347,0.000649,0.0016,0.00367,0.000104,0.000112,0.00366,0.00593,0.000796,0.00298,0.0221,0.113,0.00445,0.00219,0.000699,0.00202,0.00711
T>G,CTT,C[T>G]T,0.000171,0.000203,0.00703,0.0012,0.0073,0.0013,0.0000265,0.00000368,0.0034,0.000156,0.000574,0.0565,0.0013,0.00523,0.000133,0.000344,0.0000555,0.000962,0.00249,0.00254,0.00531,0.55,0.00414,0.0022,0.00511,0.000185,0.00119,0.000247,0.00471,0.00855,0.0078,0.00144,0.101,0.000767,0.000265,0.000949,0.000676,0.000192,0.000000655,0.00271,0.00107,0.00411,0.00688,0.00494,0.0131,0.0105,0.00348,6.26E-18,0.000384,0.000728,0.002,0.000107,0.0000657,0.0000929,0.000471,0.0023,0.000863,0.00272,0.000886,0.00118,6.78E-18,0.00516,0.000473,0.0212,0.000018
T>G,GTA,G[T>G]A,2.23E-16,0.000209,0.00442,0.000598,0.00252,0.0000435,0.0000906,0.000323,0.00248,0.0000748,0.00131,0.0083,0.000204,0.000481,0.0000957,0.000412,0.0000877,0.0000779,0.000203,0.000902,0.000495,0.000281,0.00087,0.000636,2.22E-16,0.000286,0.00159,6.26E-18,0.00107,0.00555,0.00137,0,0.00116,0.0000449,0.000188,0.000304,0.00115,0.000581,0.000365,0.00176,0.000185,0.0118,0.000504,0.00333,0.00249,0.0018,0.00114,0.0611,7.68E-18,0.00044,0,0.022,0.00000764,0.0000661,0.00867,0.00219,0.00113,0.00438,0.00017,0.00567,6.72E-18,0.0014,0.00807,0.00123,0.0282
T>G,GTC,G[T>G]C,2.23E-16,0.000133,0.00234,0.000253,0.00171,0.000213,0.000121,0.000321,0.00166,0.0000223,0.000656,0.00585,0.000833,0.000942,2.22E-16,0.000213,2.22E-16,0.0021,0.00058,0.000901,0.000204,0.00625,0.000037,0.000703,0.0000665,0.000533,0.000236,0.0000869,0.00153,0,0.00121,0.0000508,0.00193,0.0000917,0.000353,0.000872,0.00074,0.000637,2.22E-16,0.00507,0.000313,0.00686,0.000939,0.0058,0.00224,0.00095,0.0000705,0.0756,0.0000183,0.00052,0.0001,0.0104,0.000135,0.0000437,0.00959,0.0053,0.000561,0.00174,0.00153,0.0032,0.000000919,0.000171,0.00269,0.00165,0.0288
T>G,GTG,G[T>G]G,0.000348,0.0000371,0.0109,0.00243,0.0053,0.000274,0.000325,0.00241,0.00603,0.0038,0.00397,0.00397,2.23E-16,0.00173,0.00013,0.000496,0.000426,0.000781,0.000347,0.000675,0.000835,0.00148,0.00583,0.00051,0.000087,0.000213,0.00045,0.000157,0.00313,0.00869,0.00235,0.00474,0.00313,0.00077,0.00138,0.00255,0.00301,0.00542,0.0000565,0.00404,0.00153,0.00983,0.00216,0.00772,0.00445,0.0012,0.00041,0.241,0.000103,0.000179,0.0012,0.0272,0.0000663,0.000147,0.0351,0.0762,0.00137,0.00473,7.45E-18,0.299,6.72E-18,0.000861,0.0234,0.00229,0.662
T>G,GTT,G[T>G]T,0.0000146,2.23E-16,0.00583,0.000252,0.00235,0.000787,0.000835,0.00183,0.00675,0.00684,0.00129,0.0194,0.00221,0.00516,0.000154,0.000165,0.00000289,0.00225,0.00139,0.00239,0.00724,0.114,0.00214,0.000341,0.00356,0.00259,0.0000196,5.78E-18,0.00268,0.00277,0.00605,0.0023,0.0206,0.00115,0.00016,0.00281,0.000785,0.000451,0.000417,0.00335,0.000489,0.0171,0.00334,0.00594,0.00548,0.00347,0.00092,0.0746,0.0028,0.000496,0.0006,0.0884,0.0000115,0.000102,0.0365,0.00209,0.000864,0.00203,0.0000121,0.00144,0.000114,0.00283,0.0169,0.00745,0.0474
T>G,TTA,T[T>G]A,2.23E-16,0.0000167,0.00725,0.000377,0.00522,0.000105,0.000128,0.000955,0.0193,0.000211,2.22E-16,0.0657,0.00269,0.0113,0.0000851,0.00163,0.000184,0.0000992,0.000231,0.00978,2.22E-16,0.0000122,0.000696,0.00166,2.22E-16,0.000465,0.00506,0.000186,0.000123,0.00208,0.00143,0.00119,0.0423,0.000467,0.000118,0.00225,0.0000226,0.000468,2.22E-16,0.00429,0.000788,0.0183,0.00117,0.00839,0.00846,0.0419,0.00115,0.000204,7.68E-18,0.000285,0.0007,0.00241,0.00025,0.00015,0.000327,0.00255,0.00143,0.0013,0.0000324,0.00606,0.00946,0.00322,0.000798,0.0016,0.00161
T>G,TTC,T[T>G]C,0.0000551,0.0000704,0.00628,0.000174,0.00656,0.000287,0.000116,0.00155,0.0174,0.000115,0.00114,0.00862,2.23E-16,0.00555,0.0000673,0.00113,2.22E-16,0.0012,0.000294,0.00551,0.000116,0.00875,0.0021,0.00202,2.22E-16,0.000379,0.000752,5.27E-18,0.00264,0.000579,0.00172,0.00028,0.0357,0.0000993,0.0000964,0.00238,0.000224,0.000164,2.22E-16,0.00194,0.000744,0.0195,0.000903,0.00508,0.0114,0.0155,0.000274,0.00825,7.68E-18,0.000135,0.001,0.0000225,0.000222,0.000138,0.000655,0.00347,0.00112,0.00436,0.000706,0.00565,0.000001,0.00396,0.00159,0.00233,0.0106
T>G,TTG,T[T>G]G,0.000583,0.0000954,0.00805,0.00232,0.00694,0.000324,2.23E-16,0.00135,0.00764,0.000125,0.00309,0.0109,0.0000216,0.00276,0.000101,0.000875,0.0000367,0.000114,0.000148,0.00524,0.00092,0.00478,0.00145,0.00207,0.00279,0.000131,0.00557,0.000182,0.00304,0.00943,0.00284,0.00235,0.014,0.00018,0.000813,0.00535,0.000818,0.000959,0.00152,0.00482,0.000902,0.0302,0.0019,0.00728,0.00866,0.0194,0.00293,0.0228,0.000917,0.000708,0.0009,0.00154,0.00035,0.000112,0.00872,0.00276,0.00148,0.00615,0.00769,0.0795,0.000101,0.0054,0.00674,0.00196,0.0239
T>G,TTT,T[T>G]T,2.23E-16,2.23E-16,0.0105,0.000568,0.0135,0.00101,0.0000829,0.00177,0.0217,0.000166,0.000996,0.0639,0.0189,0.0909,0.0000555,0.00221,0.0000189,0.000605,0.00599,0.0158,0.00458,0.122,0.00516,0.00423,0.00151,2.22E-16,0.000595,7.32E-18,0.00396,0.00787,0.00945,0.00014,0.479,0.000928,0.00889,0.0073,0.000635,0.00225,0.000232,0.00362,0.00181,0.0291,0.00529,0.0109,0.025,0.0879,0.00174,0.00132,0.009,0.000724,0.001,0.00362,0.00000032,0.000364,0.0016,0.00291,0.00253,0.00705,0.000499,0.0412,0.029,0.119,0.0217,1.3E-17,0.0318
